first_name,last_name,email,handle,location,channel,platforms,us_clients_exp,chat_exp,crm_exp,hours_per_week,us_shift,english_sample,device_ok,backup_internet,niche,source_url
Paolo,Reyes,paolo.reyes88@gmail.com,@paoloreyes,"Manila, PH",telegram_community,"instagram;tiktok",1,1,1,35,1,22,1,1,lifestyle,
Joy,Villareal,joy.villareal@gmail.com,@JoyVillareal,"Cagayan de Oro, PH",facebook_group,"instagram;tiktok;x",1,1,0,30,1,19,1,1,beauty,
Joy,VILLAREAL, ,@joyvillareal,"cagayan de oro, ph",facebook_group,"instagram;tiktok",1,1,0,30,1,19,1,0,beauty,
Andoy,Pascual,andoy.pascual@gmail.com,@andoypascual,"Nueva Ecija, PH",twitter,"x;tiktok",1,0,1,25,1,16,1,1,gaming,
Ifeoma,Nwankwo,ifeoma.nwankwo@gmail.com,@ifeomanwankwo,"Enugu, NG",linkedin,"instagram;youtube",1,1,1,40,1,21,1,1,lifestyle,
Ronke,Adewale,ronke.adewale@gmail.com,@ronkeadewale,"Abeokuta, NG",telegram_community,"instagram;tiktok",0,1,0,20,1,15,1,0,fashion,
Kiko,Bautista,kiko.bautista@gmail.com,@kikobautista,"Iloilo, PH",onlinejobs,"instagram;x;reddit",1,1,1,32,1,18,1,1,finance,
Neneng,Rosales,neneng.rosales@gmail.com,@nenengrosales,"Batangas, PH",discord_community,"tiktok;x",1,0,0,28,1,17,1,1,anime,
Tobi,Adeleke,tobi.adeleke@gmail.com,@tobiadeleke,"Accra, GH",upwork,"instagram;youtube",1,1,0,30,1,20,1,1,fitness,
Lorna,Salcedo,lorna.salcedo@gmail.com,@lornasalcedo,"Tacloban, PH",facebook_group,"instagram;tiktok",0,1,1,22,0,14,1,1,travel,
